Product ID,Product Name,Category,Catalogue No.,Specification,Price USD Column D,Price USD Column E,Source Row,Product Page
5-amino-1mq-049,5-amino-1mq,Metabolism & Energy,5AM,5mg *10vials,45.0,37.35,125,/product/5-amino-1mq-049
5-amino-1mq-049,5-amino-1mq,Metabolism & Energy,10AM,10mg*10vials,80.0,66.4,126,/product/5-amino-1mq-049
5-amino-1mq-049,5-amino-1mq,Metabolism & Energy,50AM,50mg*10vials,260.0,215.8,127,/product/5-amino-1mq-049
adipotide-026,Adipotide,Metabolism & Energy,AP2,2mg*10vials,85.0,70.55,80,/product/adipotide-026
adipotide-026,Adipotide,Metabolism & Energy,AP5,5mg*11vials,210.0,174.3,81,/product/adipotide-026
aicar-025,AICAR,Metabolism & Energy,AR50,50mg*10vials,55.0,45.65,79,/product/aicar-025
aod9604-015,AOD9604,Metabolism & Energy,2AD,2mg*10vials,50.0,41.5,55,/product/aod9604-015
aod9604-015,AOD9604,Metabolism & Energy,5AD,5mg*10vials,100.0,83.0,56,/product/aod9604-015
aod9604-015,AOD9604,Metabolism & Energy,10AD,10mg*10vials,200.0,166.0,57,/product/aod9604-015
cagrilintide-061,Cagrilintide,Metabolism & Energy,CGL5,5mg *10vials,110.0,91.3,143,/product/cagrilintide-061
cagrilintide-061,Cagrilintide,Metabolism & Energy,CGL10,10mg*10vials,200.0,166.0,144,/product/cagrilintide-061
cagrilintide-061,Cagrilintide,Metabolism & Energy,CGL20,20mg*10vials,390.0,323.7,145,/product/cagrilintide-061
cagrilintide5mg-semaglutide5mg-068,cagrilintide5mg+ semaglutide5mg,Metabolism & Energy,CS10,10mg*10vials,145.0,120.35,155,/product/cagrilintide5mg-semaglutide5mg-068
glp-1-5mg-vial-054,"GLP-1, 5mg/vial",Metabolism & Energy,GP,5 mg *10 vials,80.0,66.4,133,/product/glp-1-5mg-vial-054
hgh-fragment-176-191-002,HGH Fragment 176-191,Metabolism & Energy,FR2,2mg *10 vials,45.0,37.35,10,/product/hgh-fragment-176-191-002
hgh-fragment-176-191-002,HGH Fragment 176-191,Metabolism & Energy,FR5,5mg *10 vials,90.0,74.7,11,/product/hgh-fragment-176-191-002
hgh-fragment-176-191-002,HGH Fragment 176-191,Metabolism & Energy,FR10,10mg*10vials,180.0,149.4,12,/product/hgh-fragment-176-191-002
insulin-057,Insulin,Metabolism & Energy,ISU,1盒1支,20.0,16.6,137,/product/insulin-057
mazdutide-063,Mazdutide,Metabolism & Energy,MDT5,5mg *10vials,135.0,112.05,147,/product/mazdutide-063
mazdutide-063,Mazdutide,Metabolism & Energy,MDT10,10mg*10vials,260.0,215.8,148,/product/mazdutide-063
mots-c-047,MOTS-C,Metabolism & Energy,MS10,10mg*10vials,70.0,58.1,122,/product/mots-c-047
mots-c-047,MOTS-C,Metabolism & Energy,MS40,40mg*10vials,260.0,215.8,123,/product/mots-c-047
nad-064,NAD,Metabolism & Energy,NJ3100,100mg*10vials,45.0,37.35,149,/product/nad-064
nad-064,NAD,Metabolism & Energy,NJ500,500mg*10vials,105.0,87.15,150,/product/nad-064
nad-064,NAD,Metabolism & Energy,NJ1000,1000mg*10vials,210.0,174.3,151,/product/nad-064
retatrutide-005,Retatrutide,Metabolism & Energy,RT5,5mg*10vials,90.0,74.7,31,/product/retatrutide-005
retatrutide-005,Retatrutide,Metabolism & Energy,RT10,10mg*10vials,130.0,107.9,32,/product/retatrutide-005
retatrutide-005,Retatrutide,Metabolism & Energy,RT15,15mg*10vials,170.0,141.1,33,/product/retatrutide-005
retatrutide-005,Retatrutide,Metabolism & Energy,RT20,20mg*10vials,210.0,174.3,34,/product/retatrutide-005
retatrutide-005,Retatrutide,Metabolism & Energy,RT30,30mg*10vials,300.0,249.0,35,/product/retatrutide-005
retatrutide-005,Retatrutide,Metabolism & Energy,RT60,60mg*10vials,500.0,415.0,36,/product/retatrutide-005
retatrutide5mg-cagrilintide5mg-069,Retatrutide5mg+cagrilintide5mg,Metabolism & Energy,RC10,10mg*10vials,200.0,166.0,156,/product/retatrutide5mg-cagrilintide5mg-069
semaglutide-003,Semaglutide,Metabolism & Energy,SM2,2mg*10vials,25.0,20.75,13,/product/semaglutide-003
semaglutide-003,Semaglutide,Metabolism & Energy,SM5,5mg*10vials,40.0,33.2,14,/product/semaglutide-003
semaglutide-003,Semaglutide,Metabolism & Energy,SM10,10mg*10vials,65.0,53.95,15,/product/semaglutide-003
semaglutide-003,Semaglutide,Metabolism & Energy,SM15,15mg*10vials,85.0,70.55,16,/product/semaglutide-003
semaglutide-003,Semaglutide,Metabolism & Energy,SM20,20mg*10vials,100.0,83.0,17,/product/semaglutide-003
semaglutide-003,Semaglutide,Metabolism & Energy,SM30,30mg*10vials,130.0,107.9,18,/product/semaglutide-003
slupp-332-083,SLUPP 332,Metabolism & Energy,,250mcg*100 tablets,70.0,,174,/product/slupp-332-083
slupp-332-083,SLUPP 332,Metabolism & Energy,,5mg*100 tablets,140.0,,175,/product/slupp-332-083
slupp-332-083,SLUPP 332,Metabolism & Energy,,20mg*100 tablets,245.0,,176,/product/slupp-332-083
ss-31-028,SS-31,Metabolism & Energy,2S10,10mg*10vials,80.0,66.4,86,/product/ss-31-028
ss-31-028,SS-31,Metabolism & Energy,2S50,50mg*10vials,430.0,356.9,87,/product/ss-31-028
survodutide-067,survodutide,Metabolism & Energy,SUR10,10mg*10vials,310.0,257.3,154,/product/survodutide-067
tesamorelin-041,Tesamorelin,Metabolism & Energy,TSM2,2mg*10vials,50.0,41.5,108,/product/tesamorelin-041
tesamorelin-041,Tesamorelin,Metabolism & Energy,TSM5,5mg*10vials,100.0,83.0,109,/product/tesamorelin-041
tesamorelin-041,Tesamorelin,Metabolism & Energy,TSM10,10mg*10vials,210.0,174.3,110,/product/tesamorelin-041
tesamorelin-041,Tesamorelin,Metabolism & Energy,TSM20,20mg*10vials,430.0,356.9,111,/product/tesamorelin-041
tirzepatide-004,Tirzepatide,Metabolism & Energy,TR5,5mg*10vials,50.0,41.5,22,/product/tirzepatide-004
tirzepatide-004,Tirzepatide,Metabolism & Energy,TR10,10mg*10vials,80.0,66.4,23,/product/tirzepatide-004
tirzepatide-004,Tirzepatide,Metabolism & Energy,TR15,15mg*10vials,110.0,91.3,24,/product/tirzepatide-004
tirzepatide-004,Tirzepatide,Metabolism & Energy,TR20,20mg*10vials,130.0,107.9,25,/product/tirzepatide-004
tirzepatide-004,Tirzepatide,Metabolism & Energy,TR30,30mg*10vials,150.0,124.5,26,/product/tirzepatide-004
tirzepatide-004,Tirzepatide,Metabolism & Energy,TR40,40mg*10vials,160.0,132.8,27,/product/tirzepatide-004
tirzepatide-004,Tirzepatide,Metabolism & Energy,TR45,45mg*10vials,180.0,149.4,28,/product/tirzepatide-004
tirzepatide-004,Tirzepatide,Metabolism & Energy,TR60,60mg*10vials,230.0,190.9,29,/product/tirzepatide-004
tirzepatide-004,Tirzepatide,Metabolism & Energy,TR100,100mg*10vials,410.0,340.3,30,/product/tirzepatide-004
ace-031-024,ACE-031,Strength & Recovery,AE1,1mg*10vials,75.0,62.25,78,/product/ace-031-024
ara-290-060,Ara-290,Strength & Recovery,RA10,10mg*10vials,95.0,78.85,142,/product/ara-290-060
bpc-157-009,BPC 157,Strength & Recovery,BC2,2mg*10vials,25.0,20.75,43,/product/bpc-157-009
bpc-157-009,BPC 157,Strength & Recovery,BC5,5mg*10vials,40.0,33.2,44,/product/bpc-157-009
bpc-157-009,BPC 157,Strength & Recovery,BC10,10mg*10vials,75.0,62.25,45,/product/bpc-157-009
bpc-157-009,BPC 157,Strength & Recovery,BC20,20mg*10vials,130.0,107.9,46,/product/bpc-157-009
bpc10mg-tb10mg-012,BPC10mg+TB10mg,Strength & Recovery,BB20,20mg*10vials,390.0,323.7,49,/product/bpc10mg-tb10mg-012
bpc157-10mg-ghk-cu50mg-tb500-10mg-066,BPC157-10mg+GHK-CU50mg +TB500 10mg,Strength & Recovery,GLOW(BBG70),70mg*10vials,280.0,232.4,153,/product/bpc157-10mg-ghk-cu50mg-tb500-10mg-066
bpc157-10mg-ghk-cu50mg-tb500-10mg-kpv10mg-078,BPC157-10mg+GHK-CU50mg +TB500 10mg+KPV10mg,Strength & Recovery,KLOW(KL80),80mg*10vials,370.0,307.1,169,/product/bpc157-10mg-ghk-cu50mg-tb500-10mg-kpv10mg-078
bpc2mg-tb2mg-010,BPC2mg+TB2mg,Strength & Recovery,BB4,4mg*10vials,90.0,74.7,47,/product/bpc2mg-tb2mg-010
bpc5mg-tb5mg-011,BPC5mg+TB5mg,Strength & Recovery,BB10,10mg*10vials,200.0,166.0,48,/product/bpc5mg-tb5mg-011
cjc-1295-whitout-dac-031,CJC-1295 Whitout DAC,Strength & Recovery,CND2,2mg*10vials,38.0,31.54,92,/product/cjc-1295-whitout-dac-031
cjc-1295-whitout-dac-031,CJC-1295 Whitout DAC,Strength & Recovery,CND5,5mg*10vials,80.0,66.4,93,/product/cjc-1295-whitout-dac-031
cjc-1295-whitout-dac-031,CJC-1295 Whitout DAC,Strength & Recovery,CND10,10mg*10vials,160.0,132.8,94,/product/cjc-1295-whitout-dac-031
cjc-1295-with-dac-032,CJC-1295 With DAC,Strength & Recovery,CD2,2mg*10vials,80.0,66.4,95,/product/cjc-1295-with-dac-032
cjc-1295-with-dac-032,CJC-1295 With DAC,Strength & Recovery,CD5,5mg*10vials,170.0,141.1,96,/product/cjc-1295-with-dac-032
cjc-1295without-dac5mg-ipa-5mg-033,CJC-1295without DAC5mg+IPA 5mg,Strength & Recovery,CP10,10mg*10vials,100.0,83.0,97,/product/cjc-1295without-dac5mg-ipa-5mg-033
follistatin-038,Follistatin,Strength & Recovery,FN1,1mg*10vials,480.0,398.4,104,/product/follistatin-038
gdf-8-037,GDF-8,Strength & Recovery,F81,1mg*10vials,160.0,132.8,103,/product/gdf-8-037
ghrp-2-acetate-029,GHRP-2 Acetate,Strength & Recovery,G25,5mg*10vials,25.0,20.75,88,/product/ghrp-2-acetate-029
ghrp-2-acetate-029,GHRP-2 Acetate,Strength & Recovery,G210,10mg*10vials,50.0,41.5,89,/product/ghrp-2-acetate-029
ghrp-6-acetate-030,GHRP-6 Acetate,Strength & Recovery,G65,5mg*10vials,25.0,20.75,90,/product/ghrp-6-acetate-030
ghrp-6-acetate-030,GHRP-6 Acetate,Strength & Recovery,G610,10mg*10vials,50.0,41.5,91,/product/ghrp-6-acetate-030
hexarelin-acetate-042,Hexarelin Acetate,Strength & Recovery,HX2,2mg*10vials,50.0,41.5,112,/product/hexarelin-acetate-042
hexarelin-acetate-042,Hexarelin Acetate,Strength & Recovery,HX5,5mg *10vials,95.0,78.85,113,/product/hexarelin-acetate-042
hgh-191aa-somatropin-001,HGH 191AA(Somatropin）,Strength & Recovery,H06,6iu*10vials,36.0,30.0,3,/product/hgh-191aa-somatropin-001
hgh-191aa-somatropin-001,HGH 191AA(Somatropin）,Strength & Recovery,H08,8iu*10vials,45.0,37.35,4,/product/hgh-191aa-somatropin-001
hgh-191aa-somatropin-001,HGH 191AA(Somatropin）,Strength & Recovery,H10,10iu*10vials,50.0,41.5,5,/product/hgh-191aa-somatropin-001
hgh-191aa-somatropin-001,HGH 191AA(Somatropin）,Strength & Recovery,H12,12iu*10vials,60.0,49.8,6,/product/hgh-191aa-somatropin-001
hgh-191aa-somatropin-001,HGH 191AA(Somatropin）,Strength & Recovery,H15,15iu*10vials,75.0,62.25,7,/product/hgh-191aa-somatropin-001
hgh-191aa-somatropin-001,HGH 191AA(Somatropin）,Strength & Recovery,H24,24iu*10vials,130.0,107.9,8,/product/hgh-191aa-somatropin-001
hgh-191aa-somatropin-001,HGH 191AA(Somatropin）,Strength & Recovery,H36,36iu*10vials,230.0,190.9,9,/product/hgh-191aa-somatropin-001
igf-1lr3-039,IGF-1LR3,Strength & Recovery,IG01,0.1mg*10vials,40.0,33.2,105,/product/igf-1lr3-039
igf-1lr3-039,IGF-1LR3,Strength & Recovery,IG1,1mg*10vials,240.0,199.2,106,/product/igf-1lr3-039
igf-des-040,IGF-DES,Strength & Recovery,IGD,0.1mg*10vials,55.0,45.65,107,/product/igf-des-040
ipamorelin-008,Ipamorelin,Strength & Recovery,IP2,2mg*10vials,22.0,18.26,40,/product/ipamorelin-008
ipamorelin-008,Ipamorelin,Strength & Recovery,IP5,5mg*10vials,40.0,33.2,41,/product/ipamorelin-008
ipamorelin-008,Ipamorelin,Strength & Recovery,IP10,10mg*10vials,80.0,66.4,42,/product/ipamorelin-008
mgf-034,MGF,Strength & Recovery,FM2,2mg*10vials,32.0,26.56,98,/product/mgf-034
peg-mgf-035,PEG MGF,Strength & Recovery,FMP2,2mg*10vials,80.0,66.4,99,/product/peg-mgf-035
sermorelin-acetate-036,Sermorelin Acetate,Strength & Recovery,SMO2,2mg*10vials,40.0,33.2,100,/product/sermorelin-acetate-036
sermorelin-acetate-036,Sermorelin Acetate,Strength & Recovery,SMO5,5mg*10vials,70.0,58.1,101,/product/sermorelin-acetate-036
sermorelin-acetate-036,Sermorelin Acetate,Strength & Recovery,SMO10,10mg*10vials,140.0,116.2,102,/product/sermorelin-acetate-036
tb500-frag-014,TB500 (FRAG）,Strength & Recovery,B10F,10mg*10vials,100.0,83.0,54,/product/tb500-frag-014
tb500-thymosin-b4-acetate-013,TB500(Thymosin B4 Acetate）,Strength & Recovery,BT2,2mg*10vials,40.0,33.2,50,/product/tb500-thymosin-b4-acetate-013
tb500-thymosin-b4-acetate-013,TB500(Thymosin B4 Acetate）,Strength & Recovery,BT5,5mg*10vials,80.0,66.4,51,/product/tb500-thymosin-b4-acetate-013
tb500-thymosin-b4-acetate-013,TB500(Thymosin B4 Acetate）,Strength & Recovery,BT10,10mg*10vials,170.0,141.1,52,/product/tb500-thymosin-b4-acetate-013
tb500-thymosin-b4-acetate-013,TB500(Thymosin B4 Acetate）,Strength & Recovery,BT20,20mg*10vials,345.0,286.35,53,/product/tb500-thymosin-b4-acetate-013
botulinum-toxin-081,Botulinum toxin,Skin & Healthy Ageing,XT100,100iu/10vials,260.0,215.8,172,/product/botulinum-toxin-081
epithalon-023,Epithalon,Skin & Healthy Ageing,ET10,10mg*10vials,45.0,37.35,75,/product/epithalon-023
epithalon-023,Epithalon,Skin & Healthy Ageing,ET40,40mg*10vials,170.0,141.1,76,/product/epithalon-023
epithalon-023,Epithalon,Skin & Healthy Ageing,ET50,50mg*10vials,200.0,166.0,77,/product/epithalon-023
foxo4-048,FOXO4,Skin & Healthy Ageing,F410,10mg*10vials,460.0,381.8,124,/product/foxo4-048
ghk-cu-043,GHK-CU,Skin & Healthy Ageing,CU50,50mg*10vials,25.0,20.75,114,/product/ghk-cu-043
ghk-cu-043,GHK-CU,Skin & Healthy Ageing,CU100,100mg*10vials,50.0,41.5,115,/product/ghk-cu-043
glutathione-056,Glutathione,Skin & Healthy Ageing,GTT,1500mg*10vials,100.0,S,135,/product/glutathione-056
glutathione-056,Glutathione,Skin & Healthy Ageing,GT1500,1500mg*10vials,70.0,58.1,136,/product/glutathione-056
hyaluronic-acid-059,Hyaluronic acid,Skin & Healthy Ageing,HA5,5mg *10vials,270.0,224.1,141,/product/hyaluronic-acid-059
kpv-071,KPV,Skin & Healthy Ageing,KP10,10mg*10vials,95.0,78.85,159,/product/kpv-071
lemon-bottle-084,Lemon Bottle,Skin & Healthy Ageing,,0.5ml*10 bottles,100.0,,177,/product/lemon-bottle-084
mt-1-006,MT-1,Skin & Healthy Ageing,MT1,10mg*10vials,85.0,70.55,37,/product/mt-1-006
mt-2-melanotan-2-acetate-007,MT-2 (Melanotan 2 Acetate),Skin & Healthy Ageing,ML5,5mg*10vials,30.0,24.9,38,/product/mt-2-melanotan-2-acetate-007
mt-2-melanotan-2-acetate-007,MT-2 (Melanotan 2 Acetate),Skin & Healthy Ageing,ML10,10mg*10vials,50.0,41.5,39,/product/mt-2-melanotan-2-acetate-007
n-acetyl-epitalon-amidate-074,N-Acetyl Epitalon Amidate,Skin & Healthy Ageing,NET5,5mg *10vials,80.0,66.4,162,/product/n-acetyl-epitalon-amidate-074
snap-8-062,SNAP-8,Skin & Healthy Ageing,NP810,10mg*10vials,68.0,56.44,146,/product/snap-8-062
testagen-079,Testagen,Skin & Healthy Ageing,TG20,20mg*10vials,195.0,161.85,170,/product/testagen-079
thymalin-045,Thymalin,Skin & Healthy Ageing,TY10,10mg*10vials,75.0,62.25,118,/product/thymalin-045
vilon-075,Vilon,Skin & Healthy Ageing,Vl20,20mg*10vials,145.0,120.35,163,/product/vilon-075
adamax-072,Adamax,"Mind, Hormones & Specialist",AD5,5mg *10vials,240.0,199.2,160,/product/adamax-072
alprostadil-065,Alprostadil,"Mind, Hormones & Specialist",PRO20,20mcg*10vials,210.0,174.3,152,/product/alprostadil-065
bac-water-058,Bac.water,"Mind, Hormones & Specialist",WA3,3ml/10vials,10.0,8.3,138,/product/bac-water-058
bac-water-058,Bac.water,"Mind, Hormones & Specialist",WA5,5ml/10vials,20.0,16.6,139,/product/bac-water-058
bac-water-058,Bac.water,"Mind, Hormones & Specialist",WA10,10ml/10vials,30.0,24.9,140,/product/bac-water-058
cerebrolysin-051,Cerebrolysin,"Mind, Hormones & Specialist",GBL60,60mg*10vials,80.0,66.4,129,/product/cerebrolysin-051
cerebrolysin-051,Cerebrolysin,"Mind, Hormones & Specialist",C60,60mg*10vials,75.0,62.25,130,/product/cerebrolysin-051
dermorphin-053,dermorphin,"Mind, Hormones & Specialist",DR5,5mg *10 vials,40.0,33.2,132,/product/dermorphin-053
dsip-019,DSIP,"Mind, Hormones & Specialist",DS2,2mg *10 vials,20.0,16.6,64,/product/dsip-019
dsip-019,DSIP,"Mind, Hormones & Specialist",DS5,5mg *10vials,35.0,29.05,65,/product/dsip-019
dsip-019,DSIP,"Mind, Hormones & Specialist",DS10,10mg*10vials,70.0,58.1,66,/product/dsip-019
dsip-019,DSIP,"Mind, Hormones & Specialist",DS15,15mg*10vials,90.0,74.7,67,/product/dsip-019
epo-082,EPO,"Mind, Hormones & Specialist",E3K,3000IU*10Vials,280.0,232.4,173,/product/epo-082
gonadorelin-acetate-018,Gonadorelin Acetate,"Mind, Hormones & Specialist",GND2,2mg*10vials,30.0,24.9,62,/product/gonadorelin-acetate-018
hcg-016,HCG,"Mind, Hormones & Specialist",G10K,10000IU*10vials,180.0,149.4,58,/product/hcg-016
hcg-016,HCG,"Mind, Hormones & Specialist",G5K,5000IU*10vials,80.0,66.4,59,/product/hcg-016
hcg-016,HCG,"Mind, Hormones & Specialist",G2K,2000IU*10vials,45.0,37.35,60,/product/hcg-016
hmg-055,HMG,"Mind, Hormones & Specialist",G75,75iu*10vials,95.0,78.85,134,/product/hmg-055
kisspeptin-10-044,KissPeptin-10,"Mind, Hormones & Specialist",KS5,5mg*10vials,50.0,41.5,116,/product/kisspeptin-10-044
kisspeptin-10-044,KissPeptin-10,"Mind, Hormones & Specialist",KS10,10mg*10vials,85.0,70.55,117,/product/kisspeptin-10-044
ll37-050,LL37,"Mind, Hormones & Specialist",375,5mg*10vials,100.0,83.0,128,/product/ll37-050
melatonin-052,melatonin,"Mind, Hormones & Specialist",MT10,10mg*10vials,75.0,62.25,131,/product/melatonin-052
oxytocin-acetate-022,Oxytocin Acetate,"Mind, Hormones & Specialist",OT2,2mg*10vials,20.0,16.6,72,/product/oxytocin-acetate-022
oxytocin-acetate-022,Oxytocin Acetate,"Mind, Hormones & Specialist",OT5,5mg *10vials,40.0,33.2,73,/product/oxytocin-acetate-022
oxytocin-acetate-022,Oxytocin Acetate,"Mind, Hormones & Specialist",OT10,10mg*10vials,75.0,62.25,74,/product/oxytocin-acetate-022
p21-080,P21,"Mind, Hormones & Specialist",P210,10mg*10vials,105.0,87.15,171,/product/p21-080
pe-22-28-073,PE 22-28,"Mind, Hormones & Specialist",PE10,10mg*10vials,100.0,83.0,161,/product/pe-22-28-073
pinealon-076,Pinealon,"Mind, Hormones & Specialist",PIN5,5mg *10vials,80.0,66.4,164,/product/pinealon-076
pinealon-076,Pinealon,"Mind, Hormones & Specialist",PIN10,10mg*10vials,115.0,95.45,165,/product/pinealon-076
pinealon-076,Pinealon,"Mind, Hormones & Specialist",PIN20,20mg*10vials,210.0,174.3,166,/product/pinealon-076
pnc27-077,PNC27,"Mind, Hormones & Specialist",PN5,5mg *10vials,135.0,112.05,167,/product/pnc27-077
pnc27-077,PNC27,"Mind, Hormones & Specialist",PN10,10mg*10vials,255.0,211.65,168,/product/pnc27-077
pt-141-017,PT-141,"Mind, Hormones & Specialist",P41,10mg*10vials,60.0,49.8,61,/product/pt-141-017
selank-021,Selank,"Mind, Hormones & Specialist",SK5,5mg*10vials,35.0,29.05,69,/product/selank-021
selank-021,Selank,"Mind, Hormones & Specialist",SK10,10mg*10vials,65.0,53.95,70,/product/selank-021
selank-021,Selank,"Mind, Hormones & Specialist",SK30,30mg*10vials,200.0,166.0,71,/product/selank-021
semax-027,Semax,"Mind, Hormones & Specialist",XA5,5mg*10vials,30.0,24.9,82,/product/semax-027
semax-027,Semax,"Mind, Hormones & Specialist",XA10,10mg*10vials,60.0,49.8,83,/product/semax-027
semax-027,Semax,"Mind, Hormones & Specialist",XA30,30mg*10vials,200.0,166.0,84,/product/semax-027
thymosin-alpha-1-046,Thymosin Alpha-1,"Mind, Hormones & Specialist",TA2,2mg*10vials,50.0,41.5,119,/product/thymosin-alpha-1-046
thymosin-alpha-1-046,Thymosin Alpha-1,"Mind, Hormones & Specialist",TA5,5mg*10vials,90.0,74.7,120,/product/thymosin-alpha-1-046
thymosin-alpha-1-046,Thymosin Alpha-1,"Mind, Hormones & Specialist",TA10,10mg*10vials,150.0,124.5,121,/product/thymosin-alpha-1-046
triptorelin-acetate-gnrh-triptorelin-020,Triptorelin Acetate/GnRH Triptorelin,"Mind, Hormones & Specialist",TRI2,2mg*10vials,28.0,23.24,68,/product/triptorelin-acetate-gnrh-triptorelin-020
vip-070,VIP,"Mind, Hormones & Specialist",VP5,5mg*10vials,125.0,103.75,157,/product/vip-070
vip-070,VIP,"Mind, Hormones & Specialist",VP10,10mg*10vials,240.0,199.2,158,/product/vip-070
