id,raw_name,homepage_name,label_lines,line_count,dose,primary_goal,primary_colour,secondary_goal,secondary_colour,notes
"5-amino-1mq-049","5-amino-1mq","5-amino-1mq","5-amino-1mq","1","5 mg","weight-metabolism","#078995","","",""
"adipotide-026","Adipotide","Adipotide","Adipotide","1","2 mg","weight-metabolism","#078995","","",""
"aicar-025","AICAR","AICAR","AICAR","1","50 mg","weight-metabolism","#078995","energy-vitality","#bd8615",""
"aod9604-015","AOD9604","AOD9604","AOD9604","1","2 mg","weight-metabolism","#078995","","",""
"cagrilintide-061","Cagrilintide","Cagrilintide","Cagrilintide","1","5 mg","weight-metabolism","#078995","","",""
"cagrilintide5mg-semaglutide5mg-068","cagrilintide5mg+ semaglutide5mg","cagrilintide 5 mg + semaglutide 5 mg","cagrilintide | 5 mg + semaglutide | 5 mg","3","10 mg","weight-metabolism","#078995","","","presentation typography normalised"
"glp-1-5mg-vial-054","GLP-1, 5mg/vial","GLP-1, 5 mg/vial","GLP-1, | 5 mg/vial","2","5 mg","weight-metabolism","#078995","","","presentation typography normalised"
"hgh-fragment-176-191-002","HGH Fragment 176-191","HGH Fragment 176-191","HGH Fragment | 176-191","2","2 mg","weight-metabolism","#078995","","",""
"insulin-057","Insulin","Insulin","Insulin","1","See variants","weight-metabolism","#078995","hormonal-specialist","#8253a7","unrecognised source specification hidden from vial label"
"mazdutide-063","Mazdutide","Mazdutide","Mazdutide","1","5 mg","weight-metabolism","#078995","","",""
"mots-c-047","MOTS-C","MOTS-C","MOTS-C","1","10 mg","weight-metabolism","#078995","energy-vitality","#bd8615",""
"nad-064","NAD","NAD","NAD","1","100 mg","energy-vitality","#bd8615","healthy-ageing","#318ab7",""
"retatrutide-005","Retatrutide","Retatrutide","Retatrutide","1","5 mg","weight-metabolism","#078995","","",""
"retatrutide5mg-cagrilintide5mg-069","Retatrutide5mg+cagrilintide5mg","Retatrutide 5 mg + cagrilintide 5 mg","Retatrutide | 5 mg + cagrilintide | 5 mg","3","10 mg","weight-metabolism","#078995","","","presentation typography normalised"
"semaglutide-003","Semaglutide","Semaglutide","Semaglutide","1","2 mg","weight-metabolism","#078995","","",""
"slupp-332-083","SLUPP 332","SLUPP 332","SLUPP 332","1","250 µg","weight-metabolism","#078995","energy-vitality","#bd8615",""
"ss-31-028","SS-31","SS-31","SS-31","1","10 mg","energy-vitality","#bd8615","healthy-ageing","#318ab7",""
"survodutide-067","survodutide","survodutide","survodutide","1","10 mg","weight-metabolism","#078995","","",""
"tesamorelin-041","Tesamorelin","Tesamorelin","Tesamorelin","1","2 mg","weight-metabolism","#078995","hormonal-specialist","#8253a7",""
"tirzepatide-004","Tirzepatide","Tirzepatide","Tirzepatide","1","5 mg","weight-metabolism","#078995","","",""
"ace-031-024","ACE-031","ACE-031","ACE-031","1","1 mg","strength-recovery","#238f63","","",""
"ara-290-060","Ara-290","Ara-290","Ara-290","1","10 mg","strength-recovery","#238f63","healthy-ageing","#318ab7",""
"bpc-157-009","BPC 157","BPC 157","BPC 157","1","2 mg","strength-recovery","#238f63","","",""
"bpc10mg-tb10mg-012","BPC10mg+TB10mg","BPC 10 mg + TB 10 mg","BPC 10 mg + TB | 10 mg","2","20 mg","strength-recovery","#238f63","","","presentation typography normalised"
"bpc157-10mg-ghk-cu50mg-tb500-10mg-066","BPC157-10mg+GHK-CU50mg +TB500 10mg","BPC157-10 mg + GHK-CU 50 mg + TB500 10 mg","BPC157-10 mg + GHK-CU | 50 mg + TB500 10 mg","2","70 mg","strength-recovery","#238f63","skin-appearance","#c35d98","presentation typography normalised"
"bpc157-10mg-ghk-cu50mg-tb500-10mg-kpv10mg-078","BPC157-10mg+GHK-CU50mg +TB500 10mg+KPV10mg","BPC157-10 mg + GHK-CU 50 mg + TB500 10 mg + KPV 10 mg","BPC157-10 mg + GHK-CU | 50 mg + TB500 | 10 mg + KPV 10 mg","3","80 mg","strength-recovery","#238f63","skin-appearance","#c35d98","presentation typography normalised"
"bpc2mg-tb2mg-010","BPC2mg+TB2mg","BPC 2 mg + TB 2 mg","BPC 2 mg + TB | 2 mg","2","4 mg","strength-recovery","#238f63","","","presentation typography normalised"
"bpc5mg-tb5mg-011","BPC5mg+TB5mg","BPC 5 mg + TB 5 mg","BPC 5 mg + TB | 5 mg","2","10 mg","strength-recovery","#238f63","","","presentation typography normalised"
"cjc-1295-whitout-dac-031","CJC-1295 Whitout DAC","CJC-1295 Without DAC","CJC-1295 | Without DAC","2","2 mg","strength-recovery","#238f63","hormonal-specialist","#8253a7","presentation typography normalised; source spelling typo corrected in presentation"
"cjc-1295-with-dac-032","CJC-1295 With DAC","CJC-1295 With DAC","CJC-1295 | With DAC","2","2 mg","strength-recovery","#238f63","hormonal-specialist","#8253a7",""
"cjc-1295without-dac5mg-ipa-5mg-033","CJC-1295without DAC5mg+IPA 5mg","CJC-1295 Without DAC 5 mg + IPA 5 mg","CJC-1295 | Without DAC | 5 mg + IPA 5 mg","3","10 mg","strength-recovery","#238f63","hormonal-specialist","#8253a7","presentation typography normalised"
"follistatin-038","Follistatin","Follistatin","Follistatin","1","1 mg","strength-recovery","#238f63","","",""
"gdf-8-037","GDF-8","GDF-8","GDF-8","1","1 mg","strength-recovery","#238f63","","",""
"ghrp-2-acetate-029","GHRP-2 Acetate","GHRP-2 Acetate","GHRP-2 Acetate","1","5 mg","strength-recovery","#238f63","hormonal-specialist","#8253a7",""
"ghrp-6-acetate-030","GHRP-6 Acetate","GHRP-6 Acetate","GHRP-6 Acetate","1","5 mg","strength-recovery","#238f63","hormonal-specialist","#8253a7",""
"hexarelin-acetate-042","Hexarelin Acetate","Hexarelin Acetate","Hexarelin | Acetate","2","2 mg","strength-recovery","#238f63","hormonal-specialist","#8253a7",""
"hgh-191aa-somatropin-001","HGH 191AA(Somatropin）","HGH 191AA (Somatropin)","HGH 191AA | (Somatropin)","2","6 IU","strength-recovery","#238f63","hormonal-specialist","#8253a7","presentation typography normalised; full-width parenthesis normalised"
"igf-1lr3-039","IGF-1LR3","IGF-1LR3","IGF-1LR3","1","0.1 mg","strength-recovery","#238f63","","",""
"igf-des-040","IGF-DES","IGF-DES","IGF-DES","1","0.1 mg","strength-recovery","#238f63","","",""
"ipamorelin-008","Ipamorelin","Ipamorelin","Ipamorelin","1","2 mg","strength-recovery","#238f63","hormonal-specialist","#8253a7",""
"mgf-034","MGF","MGF","MGF","1","2 mg","strength-recovery","#238f63","","",""
"peg-mgf-035","PEG MGF","PEG MGF","PEG MGF","1","2 mg","strength-recovery","#238f63","","",""
"sermorelin-acetate-036","Sermorelin Acetate","Sermorelin Acetate","Sermorelin | Acetate","2","2 mg","strength-recovery","#238f63","hormonal-specialist","#8253a7",""
"tb500-frag-014","TB500 (FRAG）","TB500 (FRAG)","TB500 (FRAG)","1","10 mg","strength-recovery","#238f63","","","presentation typography normalised; full-width parenthesis normalised"
"tb500-thymosin-b4-acetate-013","TB500(Thymosin B4 Acetate）","TB500 (Thymosin B4 Acetate)","TB500 (Thymosin | B4 Acetate)","2","2 mg","strength-recovery","#238f63","","","presentation typography normalised; full-width parenthesis normalised"
"botulinum-toxin-081","Botulinum toxin","Botulinum toxin","Botulinum | toxin","2","100 IU","skin-appearance","#c35d98","hormonal-specialist","#8253a7",""
"epithalon-023","Epithalon","Epithalon","Epithalon","1","10 mg","healthy-ageing","#318ab7","","",""
"foxo4-048","FOXO4","FOXO4","FOXO4","1","10 mg","healthy-ageing","#318ab7","hormonal-specialist","#8253a7",""
"ghk-cu-043","GHK-CU","GHK-CU","GHK-CU","1","50 mg","skin-appearance","#c35d98","healthy-ageing","#318ab7",""
"glutathione-056","Glutathione","Glutathione","Glutathione","1","1500 mg","skin-appearance","#c35d98","healthy-ageing","#318ab7",""
"hyaluronic-acid-059","Hyaluronic acid","Hyaluronic acid","Hyaluronic acid","1","5 mg","skin-appearance","#c35d98","","",""
"kpv-071","KPV","KPV","KPV","1","10 mg","skin-appearance","#c35d98","","",""
"lemon-bottle-084","Lemon Bottle","Lemon Bottle","Lemon Bottle","1","0.5 mL","skin-appearance","#c35d98","hormonal-specialist","#8253a7",""
"mt-1-006","MT-1","MT-1","MT-1","1","10 mg","skin-appearance","#c35d98","hormonal-specialist","#8253a7",""
"mt-2-melanotan-2-acetate-007","MT-2 (Melanotan 2 Acetate)","MT-2 (Melanotan 2 Acetate)","MT-2 (Melanotan | 2 Acetate)","2","5 mg","skin-appearance","#c35d98","hormonal-specialist","#8253a7",""
"n-acetyl-epitalon-amidate-074","N-Acetyl Epitalon Amidate","N-Acetyl Epitalon Amidate","N-Acetyl | Epitalon | Amidate","3","5 mg","healthy-ageing","#318ab7","","",""
"snap-8-062","SNAP-8","SNAP-8","SNAP-8","1","10 mg","skin-appearance","#c35d98","","",""
"testagen-079","Testagen","Testagen","Testagen","1","20 mg","healthy-ageing","#318ab7","hormonal-specialist","#8253a7",""
"thymalin-045","Thymalin","Thymalin","Thymalin","1","10 mg","healthy-ageing","#318ab7","hormonal-specialist","#8253a7",""
"vilon-075","Vilon","Vilon","Vilon","1","20 mg","healthy-ageing","#318ab7","hormonal-specialist","#8253a7",""
"adamax-072","Adamax","Adamax","Adamax","1","5 mg","sleep-focus","#5b63bd","hormonal-specialist","#8253a7",""
"alprostadil-065","Alprostadil","Alprostadil","Alprostadil","1","20 µg","hormonal-specialist","#8253a7","","",""
"bac-water-058","Bac.water","Bac.water","Bac.water","1","3 mL","hormonal-specialist","#8253a7","","",""
"cerebrolysin-051","Cerebrolysin","Cerebrolysin","Cerebrolysin","1","60 mg","sleep-focus","#5b63bd","hormonal-specialist","#8253a7",""
"dermorphin-053","dermorphin","dermorphin","dermorphin","1","5 mg","hormonal-specialist","#8253a7","","",""
"dsip-019","DSIP","DSIP","DSIP","1","2 mg","sleep-focus","#5b63bd","","",""
"epo-082","EPO","EPO","EPO","1","3000 IU","energy-vitality","#bd8615","hormonal-specialist","#8253a7",""
"gonadorelin-acetate-018","Gonadorelin Acetate","Gonadorelin Acetate","Gonadorelin | Acetate","2","2 mg","hormonal-specialist","#8253a7","","",""
"hcg-016","HCG","HCG","HCG","1","10000 IU","hormonal-specialist","#8253a7","","",""
"hmg-055","HMG","HMG","HMG","1","75 IU","hormonal-specialist","#8253a7","","",""
"kisspeptin-10-044","KissPeptin-10","KissPeptin-10","KissPeptin-10","1","5 mg","hormonal-specialist","#8253a7","","",""
"ll37-050","LL37","LL37","LL37","1","5 mg","hormonal-specialist","#8253a7","","",""
"melatonin-052","melatonin","melatonin","melatonin","1","10 mg","sleep-focus","#5b63bd","","",""
"oxytocin-acetate-022","Oxytocin Acetate","Oxytocin Acetate","Oxytocin | Acetate","2","2 mg","hormonal-specialist","#8253a7","","",""
"p21-080","P21","P21","P21","1","10 mg","sleep-focus","#5b63bd","hormonal-specialist","#8253a7",""
"pe-22-28-073","PE 22-28","PE 22-28","PE 22-28","1","10 mg","sleep-focus","#5b63bd","hormonal-specialist","#8253a7",""
"pinealon-076","Pinealon","Pinealon","Pinealon","1","5 mg","sleep-focus","#5b63bd","healthy-ageing","#318ab7",""
"pnc27-077","PNC27","PNC27","PNC27","1","5 mg","hormonal-specialist","#8253a7","","",""
"pt-141-017","PT-141","PT-141","PT-141","1","10 mg","hormonal-specialist","#8253a7","","",""
"selank-021","Selank","Selank","Selank","1","5 mg","sleep-focus","#5b63bd","","",""
"semax-027","Semax","Semax","Semax","1","5 mg","sleep-focus","#5b63bd","","",""
"thymosin-alpha-1-046","Thymosin Alpha-1","Thymosin Alpha-1","Thymosin | Alpha-1","2","2 mg","hormonal-specialist","#8253a7","healthy-ageing","#318ab7",""
"triptorelin-acetate-gnrh-triptorelin-020","Triptorelin Acetate/GnRH Triptorelin","Triptorelin Acetate/GnRH Triptorelin","Triptorelin | Acetate/GnRH | Triptorelin","3","2 mg","hormonal-specialist","#8253a7","","",""
"vip-070","VIP","VIP","VIP","1","5 mg","hormonal-specialist","#8253a7","","",""