productId,name,imageUrl,imageAlt,srcset,status
"5-amino-1mq-049","5-amino-1mq","","5-amino-1mq","","missing_image"
"adipotide-026","Adipotide","","Adipotide","","missing_image"
"aicar-025","AICAR","","AICAR","","missing_image"
"aod9604-015","AOD9604","","AOD9604","","missing_image"
"cagrilintide-061","Cagrilintide","","Cagrilintide","","missing_image"
"cagrilintide5mg-semaglutide5mg-068","cagrilintide5mg+ semaglutide5mg","","cagrilintide5mg+ semaglutide5mg","","missing_image"
"glp-1-5mg-vial-054","GLP-1, 5mg/vial","","GLP-1, 5mg/vial","","missing_image"
"hgh-fragment-176-191-002","HGH Fragment 176-191","","HGH Fragment 176-191","","missing_image"
"insulin-057","Insulin","","Insulin","","missing_image"
"mazdutide-063","Mazdutide","","Mazdutide","","missing_image"
"mots-c-047","MOTS-C","","MOTS-C","","missing_image"
"nad-064","NAD","","NAD","","missing_image"
"retatrutide-005","Retatrutide","","Retatrutide","","missing_image"
"retatrutide5mg-cagrilintide5mg-069","Retatrutide5mg+cagrilintide5mg","","Retatrutide5mg+cagrilintide5mg","","missing_image"
"semaglutide-003","Semaglutide","","Semaglutide","","missing_image"
"slupp-332-083","SLUPP 332","","SLUPP 332","","missing_image"
"ss-31-028","SS-31","","SS-31","","missing_image"
"survodutide-067","survodutide","","survodutide","","missing_image"
"tesamorelin-041","Tesamorelin","","Tesamorelin","","missing_image"
"tirzepatide-004","Tirzepatide","","Tirzepatide","","missing_image"
"ace-031-024","ACE-031","","ACE-031","","missing_image"
"ara-290-060","Ara-290","","Ara-290","","missing_image"
"bpc-157-009","BPC 157","","BPC 157","","missing_image"
"bpc10mg-tb10mg-012","BPC10mg+TB10mg","","BPC10mg+TB10mg","","missing_image"
"bpc157-10mg-ghk-cu50mg-tb500-10mg-066","BPC157-10mg+GHK-CU50mg +TB500 10mg","","BPC157-10mg+GHK-CU50mg +TB500 10mg","","missing_image"
"bpc157-10mg-ghk-cu50mg-tb500-10mg-kpv10mg-078","BPC157-10mg+GHK-CU50mg +TB500 10mg+KPV10mg","","BPC157-10mg+GHK-CU50mg +TB500 10mg+KPV10mg","","missing_image"
"bpc2mg-tb2mg-010","BPC2mg+TB2mg","","BPC2mg+TB2mg","","missing_image"
"bpc5mg-tb5mg-011","BPC5mg+TB5mg","","BPC5mg+TB5mg","","missing_image"
"cjc-1295-whitout-dac-031","CJC-1295 Whitout DAC","","CJC-1295 Whitout DAC","","missing_image"
"cjc-1295-with-dac-032","CJC-1295 With DAC","","CJC-1295 With DAC","","missing_image"
"cjc-1295without-dac5mg-ipa-5mg-033","CJC-1295without DAC5mg+IPA 5mg","","CJC-1295without DAC5mg+IPA 5mg","","missing_image"
"follistatin-038","Follistatin","","Follistatin","","missing_image"
"gdf-8-037","GDF-8","","GDF-8","","missing_image"
"ghrp-2-acetate-029","GHRP-2 Acetate","","GHRP-2 Acetate","","missing_image"
"ghrp-6-acetate-030","GHRP-6 Acetate","","GHRP-6 Acetate","","missing_image"
"hexarelin-acetate-042","Hexarelin Acetate","","Hexarelin Acetate","","missing_image"
"hgh-191aa-somatropin-001","HGH 191AA(Somatropin）","","HGH 191AA(Somatropin）","","missing_image"
"igf-1lr3-039","IGF-1LR3","","IGF-1LR3","","missing_image"
"igf-des-040","IGF-DES","","IGF-DES","","missing_image"
"ipamorelin-008","Ipamorelin","","Ipamorelin","","missing_image"
"mgf-034","MGF","","MGF","","missing_image"
"peg-mgf-035","PEG MGF","","PEG MGF","","missing_image"
"sermorelin-acetate-036","Sermorelin Acetate","","Sermorelin Acetate","","missing_image"
"tb500-frag-014","TB500 (FRAG）","","TB500 (FRAG）","","missing_image"
"tb500-thymosin-b4-acetate-013","TB500(Thymosin B4 Acetate）","","TB500(Thymosin B4 Acetate）","","missing_image"
"botulinum-toxin-081","Botulinum toxin","","Botulinum toxin","","missing_image"
"epithalon-023","Epithalon","","Epithalon","","missing_image"
"foxo4-048","FOXO4","","FOXO4","","missing_image"
"ghk-cu-043","GHK-CU","","GHK-CU","","missing_image"
"glutathione-056","Glutathione","","Glutathione","","missing_image"
"hyaluronic-acid-059","Hyaluronic acid","","Hyaluronic acid","","missing_image"
"kpv-071","KPV","","KPV","","missing_image"
"lemon-bottle-084","Lemon Bottle","","Lemon Bottle","","missing_image"
"mt-1-006","MT-1","","MT-1","","missing_image"
"mt-2-melanotan-2-acetate-007","MT-2 (Melanotan 2 Acetate)","","MT-2 (Melanotan 2 Acetate)","","missing_image"
"n-acetyl-epitalon-amidate-074","N-Acetyl Epitalon Amidate","","N-Acetyl Epitalon Amidate","","missing_image"
"snap-8-062","SNAP-8","","SNAP-8","","missing_image"
"testagen-079","Testagen","","Testagen","","missing_image"
"thymalin-045","Thymalin","","Thymalin","","missing_image"
"vilon-075","Vilon","","Vilon","","missing_image"
"adamax-072","Adamax","","Adamax","","missing_image"
"alprostadil-065","Alprostadil","","Alprostadil","","missing_image"
"bac-water-058","Bac.water","","Bac.water","","missing_image"
"cerebrolysin-051","Cerebrolysin","","Cerebrolysin","","missing_image"
"dermorphin-053","dermorphin","","dermorphin","","missing_image"
"dsip-019","DSIP","","DSIP","","missing_image"
"epo-082","EPO","","EPO","","missing_image"
"gonadorelin-acetate-018","Gonadorelin Acetate","","Gonadorelin Acetate","","missing_image"
"hcg-016","HCG","","HCG","","missing_image"
"hmg-055","HMG","","HMG","","missing_image"
"kisspeptin-10-044","KissPeptin-10","","KissPeptin-10","","missing_image"
"ll37-050","LL37","","LL37","","missing_image"
"melatonin-052","melatonin","","melatonin","","missing_image"
"oxytocin-acetate-022","Oxytocin Acetate","","Oxytocin Acetate","","missing_image"
"p21-080","P21","","P21","","missing_image"
"pe-22-28-073","PE 22-28","","PE 22-28","","missing_image"
"pinealon-076","Pinealon","","Pinealon","","missing_image"
"pnc27-077","PNC27","","PNC27","","missing_image"
"pt-141-017","PT-141","","PT-141","","missing_image"
"selank-021","Selank","","Selank","","missing_image"
"semax-027","Semax","","Semax","","missing_image"
"thymosin-alpha-1-046","Thymosin Alpha-1","","Thymosin Alpha-1","","missing_image"
"triptorelin-acetate-gnrh-triptorelin-020","Triptorelin Acetate/GnRH Triptorelin","","Triptorelin Acetate/GnRH Triptorelin","","missing_image"
"vip-070","VIP","","VIP","","missing_image"
