id,name,category,catalogue_numbers,specifications,verified_content,stated_use,publication_flag,publicly_visible,visibility_reason,markets_shown,approved_documents,published_lab_reports,review_status,legal_classification_verified,legal_review_outstanding,flagged_claims,risk_indicator,risk_reasons,suggested_status,sandbox_sale,live_sale
"5-amino-1mq-049","5-amino-1mq","Metabolism & Energy","5AM 10AM 50AM","5mg *10vials; 10mg*10vials; 50mg*10vials","none","not stated","published_flag_set","yes","preview_unreviewed","all visitors (preview, unreviewed)","0","0","not_reviewed","no","yes","none","elevated","Name indicates a pharmacologically active peptide or compound whose legal status is not verified. | Sold in vials. Products intended for injection are normally regulated as medicinal products or medical devices; intended use is not stated. | No approved description, intended use, documentation or lab report is on file.","needs_evidence","no","no"
"adipotide-026","Adipotide","Metabolism & Energy","AP2 AP5","2mg*10vials; 5mg*11vials","none","not stated","published_flag_set","yes","preview_unreviewed","all visitors (preview, unreviewed)","0","0","not_reviewed","no","yes","none","elevated","Name indicates a pharmacologically active peptide or compound whose legal status is not verified. | Sold in vials. Products intended for injection are normally regulated as medicinal products or medical devices; intended use is not stated. | No approved description, intended use, documentation or lab report is on file.","needs_evidence","no","no"
"aicar-025","AICAR","Metabolism & Energy","AR50","50mg*10vials","none","not stated","published_flag_set","yes","preview_unreviewed","all visitors (preview, unreviewed)","0","0","not_reviewed","no","yes","none","elevated","Name indicates a pharmacologically active peptide or compound whose legal status is not verified. | Sold in vials. Products intended for injection are normally regulated as medicinal products or medical devices; intended use is not stated. | No approved description, intended use, documentation or lab report is on file.","needs_evidence","no","no"
"aod9604-015","AOD9604","Metabolism & Energy","2AD 5AD 10AD","2mg*10vials; 5mg*10vials; 10mg*10vials","none","not stated","published_flag_set","no","high_risk_not_reviewed","","0","0","not_reviewed","no","yes","none","high","Name indicates a hormone, growth-hormone/IGF-axis or reproductive-hormone substance. | Sold in vials. Products intended for injection are normally regulated as medicinal products or medical devices; intended use is not stated. | No approved description, intended use, documentation or lab report is on file.","needs_evidence","no","no"
"cagrilintide-061","Cagrilintide","Metabolism & Energy","CGL5 CGL10 CGL20","5mg *10vials; 10mg*10vials; 20mg*10vials","none","not stated","published_flag_set","no","high_risk_not_reviewed","","0","0","not_reviewed","no","yes","none","high","Name matches a substance in clinical development as a medicine (not an authorised product). | Sold in vials. Products intended for injection are normally regulated as medicinal products or medical devices; intended use is not stated. | No approved description, intended use, documentation or lab report is on file.","needs_evidence","no","no"
"cagrilintide5mg-semaglutide5mg-068","cagrilintide5mg+ semaglutide5mg","Metabolism & Energy","CS10","10mg*10vials","none","not stated","published_flag_set","no","high_risk_not_reviewed","","0","0","not_reviewed","no","yes","none","high","Name matches an active substance used in prescription-only medicinal products in the EU. | Name matches a substance in clinical development as a medicine (not an authorised product). | Sold in vials. Products intended for injection are normally regulated as medicinal products or medical devices; intended use is not stated. | No approved description, intended use, documentation or lab report is on file.","needs_evidence","no","no"
"glp-1-5mg-vial-054","GLP-1, 5mg/vial","Metabolism & Energy","GP","5 mg *10 vials","none","not stated","published_flag_set","no","high_risk_not_reviewed","","0","0","not_reviewed","no","yes","none","high","Name matches a substance in clinical development as a medicine (not an authorised product). | Sold in vials. Products intended for injection are normally regulated as medicinal products or medical devices; intended use is not stated. | No approved description, intended use, documentation or lab report is on file.","needs_evidence","no","no"
"hgh-fragment-176-191-002","HGH Fragment 176-191","Metabolism & Energy","FR2 FR5 FR10","2mg *10 vials; 5mg *10 vials; 10mg*10vials","none","not stated","published_flag_set","no","high_risk_not_reviewed","","0","0","not_reviewed","no","yes","none","high","Name indicates a hormone, growth-hormone/IGF-axis or reproductive-hormone substance. | Sold in vials. Products intended for injection are normally regulated as medicinal products or medical devices; intended use is not stated. | No approved description, intended use, documentation or lab report is on file.","needs_evidence","no","no"
"insulin-057","Insulin","Metabolism & Energy","ISU","1盒1支","none","not stated","published_flag_set","no","high_risk_not_reviewed","","0","0","not_reviewed","no","yes","none","high","Name matches an active substance used in prescription-only medicinal products in the EU. | No approved description, intended use, documentation or lab report is on file.","needs_evidence","no","no"
"mazdutide-063","Mazdutide","Metabolism & Energy","MDT5 MDT10","5mg *10vials; 10mg*10vials","none","not stated","published_flag_set","no","high_risk_not_reviewed","","0","0","not_reviewed","no","yes","none","high","Name matches a substance in clinical development as a medicine (not an authorised product). | Sold in vials. Products intended for injection are normally regulated as medicinal products or medical devices; intended use is not stated. | No approved description, intended use, documentation or lab report is on file.","needs_evidence","no","no"
"mots-c-047","MOTS-C","Metabolism & Energy","MS10 MS40","10mg*10vials; 40mg*10vials","none","not stated","published_flag_set","yes","preview_unreviewed","all visitors (preview, unreviewed)","0","0","not_reviewed","no","yes","none","elevated","Name indicates a pharmacologically active peptide or compound whose legal status is not verified. | Sold in vials. Products intended for injection are normally regulated as medicinal products or medical devices; intended use is not stated. | No approved description, intended use, documentation or lab report is on file.","needs_evidence","no","no"
"nad-064","NAD","Metabolism & Energy","NJ3100 NJ500 NJ1000","100mg*10vials; 500mg*10vials; 1000mg*10vials","none","not stated","published_flag_set","yes","preview_unreviewed","all visitors (preview, unreviewed)","0","0","not_reviewed","no","yes","none","elevated","Name indicates a pharmacologically active peptide or compound whose legal status is not verified. | Sold in vials. Products intended for injection are normally regulated as medicinal products or medical devices; intended use is not stated. | No approved description, intended use, documentation or lab report is on file.","needs_evidence","no","no"
"retatrutide-005","Retatrutide","Metabolism & Energy","RT5 RT10 RT15 RT20 RT30 RT60","5mg*10vials; 10mg*10vials; 15mg*10vials; 20mg*10vials; 30mg*10vials; 60mg*10vials","none","not stated","published_flag_set","no","high_risk_not_reviewed","","0","0","not_reviewed","no","yes","none","high","Name matches a substance in clinical development as a medicine (not an authorised product). | Sold in vials. Products intended for injection are normally regulated as medicinal products or medical devices; intended use is not stated. | No approved description, intended use, documentation or lab report is on file.","needs_evidence","no","no"
"retatrutide5mg-cagrilintide5mg-069","Retatrutide5mg+cagrilintide5mg","Metabolism & Energy","RC10","10mg*10vials","none","not stated","published_flag_set","no","high_risk_not_reviewed","","0","0","not_reviewed","no","yes","none","high","Name matches a substance in clinical development as a medicine (not an authorised product). | Sold in vials. Products intended for injection are normally regulated as medicinal products or medical devices; intended use is not stated. | No approved description, intended use, documentation or lab report is on file.","needs_evidence","no","no"
"semaglutide-003","Semaglutide","Metabolism & Energy","SM2 SM5 SM10 SM15 SM20 SM30","2mg*10vials; 5mg*10vials; 10mg*10vials; 15mg*10vials; 20mg*10vials; 30mg*10vials","none","not stated","published_flag_set","no","high_risk_not_reviewed","","0","0","not_reviewed","no","yes","none","high","Name matches an active substance used in prescription-only medicinal products in the EU. | Sold in vials. Products intended for injection are normally regulated as medicinal products or medical devices; intended use is not stated. | No approved description, intended use, documentation or lab report is on file.","needs_evidence","no","no"
"slupp-332-083","SLUPP 332","Metabolism & Energy","  ","250mcg*100 tablets; 5mg*100 tablets; 20mg*100 tablets","none","not stated","published_flag_set","yes","preview_unreviewed","all visitors (preview, unreviewed)","0","0","not_reviewed","no","yes","none","elevated","Name indicates a pharmacologically active peptide or compound whose legal status is not verified. | No approved description, intended use, documentation or lab report is on file.","needs_evidence","no","no"
"ss-31-028","SS-31","Metabolism & Energy","2S10 2S50","10mg*10vials; 50mg*10vials","none","not stated","published_flag_set","yes","preview_unreviewed","all visitors (preview, unreviewed)","0","0","not_reviewed","no","yes","none","elevated","Name indicates a pharmacologically active peptide or compound whose legal status is not verified. | Sold in vials. Products intended for injection are normally regulated as medicinal products or medical devices; intended use is not stated. | No approved description, intended use, documentation or lab report is on file.","needs_evidence","no","no"
"survodutide-067","survodutide","Metabolism & Energy","SUR10","10mg*10vials","none","not stated","published_flag_set","no","high_risk_not_reviewed","","0","0","not_reviewed","no","yes","none","high","Name matches a substance in clinical development as a medicine (not an authorised product). | Sold in vials. Products intended for injection are normally regulated as medicinal products or medical devices; intended use is not stated. | No approved description, intended use, documentation or lab report is on file.","needs_evidence","no","no"
"tesamorelin-041","Tesamorelin","Metabolism & Energy","TSM2 TSM5 TSM10 TSM20","2mg*10vials; 5mg*10vials; 10mg*10vials; 20mg*10vials","none","not stated","published_flag_set","no","high_risk_not_reviewed","","0","0","not_reviewed","no","yes","none","high","Name matches a substance in clinical development as a medicine (not an authorised product). | Sold in vials. Products intended for injection are normally regulated as medicinal products or medical devices; intended use is not stated. | No approved description, intended use, documentation or lab report is on file.","needs_evidence","no","no"
"tirzepatide-004","Tirzepatide","Metabolism & Energy","TR5 TR10 TR15 TR20 TR30 TR40 TR45 TR60 TR100","5mg*10vials; 10mg*10vials; 15mg*10vials; 20mg*10vials; 30mg*10vials; 40mg*10vials; 45mg*10vials; 60mg*10vials; 100mg*10vials","none","not stated","published_flag_set","no","high_risk_not_reviewed","","0","0","not_reviewed","no","yes","none","high","Name matches an active substance used in prescription-only medicinal products in the EU. | Sold in vials. Products intended for injection are normally regulated as medicinal products or medical devices; intended use is not stated. | No approved description, intended use, documentation or lab report is on file.","needs_evidence","no","no"
"ace-031-024","ACE-031","Strength & Recovery","AE1","1mg*10vials","none","not stated","published_flag_set","no","high_risk_not_reviewed","","0","0","not_reviewed","no","yes","none","high","Name indicates a hormone, growth-hormone/IGF-axis or reproductive-hormone substance. | Sold in vials. Products intended for injection are normally regulated as medicinal products or medical devices; intended use is not stated. | No approved description, intended use, documentation or lab report is on file.","needs_evidence","no","no"
"ara-290-060","Ara-290","Strength & Recovery","RA10","10mg*10vials","none","not stated","published_flag_set","yes","preview_unreviewed","all visitors (preview, unreviewed)","0","0","not_reviewed","no","yes","none","elevated","Name indicates a pharmacologically active peptide or compound whose legal status is not verified. | Sold in vials. Products intended for injection are normally regulated as medicinal products or medical devices; intended use is not stated. | No approved description, intended use, documentation or lab report is on file.","needs_evidence","no","no"
"bpc-157-009","BPC 157","Strength & Recovery","BC2 BC5 BC10 BC20","2mg*10vials; 5mg*10vials; 10mg*10vials; 20mg*10vials","none","not stated","published_flag_set","yes","preview_unreviewed","all visitors (preview, unreviewed)","0","0","not_reviewed","no","yes","none","elevated","Name indicates a pharmacologically active peptide or compound whose legal status is not verified. | Sold in vials. Products intended for injection are normally regulated as medicinal products or medical devices; intended use is not stated. | No approved description, intended use, documentation or lab report is on file.","needs_evidence","no","no"
"bpc10mg-tb10mg-012","BPC10mg+TB10mg","Strength & Recovery","BB20","20mg*10vials","none","not stated","published_flag_set","yes","preview_unreviewed","all visitors (preview, unreviewed)","0","0","not_reviewed","no","yes","none","elevated","Name indicates a pharmacologically active peptide or compound whose legal status is not verified. | Sold in vials. Products intended for injection are normally regulated as medicinal products or medical devices; intended use is not stated. | No approved description, intended use, documentation or lab report is on file.","needs_evidence","no","no"
"bpc157-10mg-ghk-cu50mg-tb500-10mg-066","BPC157-10mg+GHK-CU50mg +TB500 10mg","Strength & Recovery","GLOW(BBG70)","70mg*10vials","none","not stated","published_flag_set","yes","preview_unreviewed","all visitors (preview, unreviewed)","0","0","not_reviewed","no","yes","none","elevated","Name indicates a pharmacologically active peptide or compound whose legal status is not verified. | Sold in vials. Products intended for injection are normally regulated as medicinal products or medical devices; intended use is not stated. | No approved description, intended use, documentation or lab report is on file.","needs_evidence","no","no"
"bpc157-10mg-ghk-cu50mg-tb500-10mg-kpv10mg-078","BPC157-10mg+GHK-CU50mg +TB500 10mg+KPV10mg","Strength & Recovery","KLOW(KL80)","80mg*10vials","none","not stated","published_flag_set","yes","preview_unreviewed","all visitors (preview, unreviewed)","0","0","not_reviewed","no","yes","none","elevated","Name indicates a pharmacologically active peptide or compound whose legal status is not verified. | Sold in vials. Products intended for injection are normally regulated as medicinal products or medical devices; intended use is not stated. | No approved description, intended use, documentation or lab report is on file.","needs_evidence","no","no"
"bpc2mg-tb2mg-010","BPC2mg+TB2mg","Strength & Recovery","BB4","4mg*10vials","none","not stated","published_flag_set","yes","preview_unreviewed","all visitors (preview, unreviewed)","0","0","not_reviewed","no","yes","none","elevated","Name indicates a pharmacologically active peptide or compound whose legal status is not verified. | Sold in vials. Products intended for injection are normally regulated as medicinal products or medical devices; intended use is not stated. | No approved description, intended use, documentation or lab report is on file.","needs_evidence","no","no"
"bpc5mg-tb5mg-011","BPC5mg+TB5mg","Strength & Recovery","BB10","10mg*10vials","none","not stated","published_flag_set","yes","preview_unreviewed","all visitors (preview, unreviewed)","0","0","not_reviewed","no","yes","none","elevated","Name indicates a pharmacologically active peptide or compound whose legal status is not verified. | Sold in vials. Products intended for injection are normally regulated as medicinal products or medical devices; intended use is not stated. | No approved description, intended use, documentation or lab report is on file.","needs_evidence","no","no"
"cjc-1295-whitout-dac-031","CJC-1295 Whitout DAC","Strength & Recovery","CND2 CND5 CND10","2mg*10vials; 5mg*10vials; 10mg*10vials","none","not stated","published_flag_set","no","high_risk_not_reviewed","","0","0","not_reviewed","no","yes","none","high","Name indicates a hormone, growth-hormone/IGF-axis or reproductive-hormone substance. | Sold in vials. Products intended for injection are normally regulated as medicinal products or medical devices; intended use is not stated. | No approved description, intended use, documentation or lab report is on file.","needs_evidence","no","no"
"cjc-1295-with-dac-032","CJC-1295 With DAC","Strength & Recovery","CD2 CD5","2mg*10vials; 5mg*10vials","none","not stated","published_flag_set","no","high_risk_not_reviewed","","0","0","not_reviewed","no","yes","none","high","Name indicates a hormone, growth-hormone/IGF-axis or reproductive-hormone substance. | Sold in vials. Products intended for injection are normally regulated as medicinal products or medical devices; intended use is not stated. | No approved description, intended use, documentation or lab report is on file.","needs_evidence","no","no"
"cjc-1295without-dac5mg-ipa-5mg-033","CJC-1295without DAC5mg+IPA 5mg","Strength & Recovery","CP10","10mg*10vials","none","not stated","published_flag_set","no","high_risk_not_reviewed","","0","0","not_reviewed","no","yes","none","high","Name indicates a hormone, growth-hormone/IGF-axis or reproductive-hormone substance. | Sold in vials. Products intended for injection are normally regulated as medicinal products or medical devices; intended use is not stated. | No approved description, intended use, documentation or lab report is on file.","needs_evidence","no","no"
"follistatin-038","Follistatin","Strength & Recovery","FN1","1mg*10vials","none","not stated","published_flag_set","no","high_risk_not_reviewed","","0","0","not_reviewed","no","yes","none","high","Name indicates a hormone, growth-hormone/IGF-axis or reproductive-hormone substance. | Sold in vials. Products intended for injection are normally regulated as medicinal products or medical devices; intended use is not stated. | No approved description, intended use, documentation or lab report is on file.","needs_evidence","no","no"
"gdf-8-037","GDF-8","Strength & Recovery","F81","1mg*10vials","none","not stated","published_flag_set","no","high_risk_not_reviewed","","0","0","not_reviewed","no","yes","none","high","Name indicates a hormone, growth-hormone/IGF-axis or reproductive-hormone substance. | Sold in vials. Products intended for injection are normally regulated as medicinal products or medical devices; intended use is not stated. | No approved description, intended use, documentation or lab report is on file.","needs_evidence","no","no"
"ghrp-2-acetate-029","GHRP-2 Acetate","Strength & Recovery","G25 G210","5mg*10vials; 10mg*10vials","none","not stated","published_flag_set","no","high_risk_not_reviewed","","0","0","not_reviewed","no","yes","none","high","Name indicates a hormone, growth-hormone/IGF-axis or reproductive-hormone substance. | Sold in vials. Products intended for injection are normally regulated as medicinal products or medical devices; intended use is not stated. | No approved description, intended use, documentation or lab report is on file.","needs_evidence","no","no"
"ghrp-6-acetate-030","GHRP-6 Acetate","Strength & Recovery","G65 G610","5mg*10vials; 10mg*10vials","none","not stated","published_flag_set","no","high_risk_not_reviewed","","0","0","not_reviewed","no","yes","none","high","Name indicates a hormone, growth-hormone/IGF-axis or reproductive-hormone substance. | Sold in vials. Products intended for injection are normally regulated as medicinal products or medical devices; intended use is not stated. | No approved description, intended use, documentation or lab report is on file.","needs_evidence","no","no"
"hexarelin-acetate-042","Hexarelin Acetate","Strength & Recovery","HX2 HX5","2mg*10vials; 5mg *10vials","none","not stated","published_flag_set","no","high_risk_not_reviewed","","0","0","not_reviewed","no","yes","none","high","Name indicates a hormone, growth-hormone/IGF-axis or reproductive-hormone substance. | Sold in vials. Products intended for injection are normally regulated as medicinal products or medical devices; intended use is not stated. | No approved description, intended use, documentation or lab report is on file.","needs_evidence","no","no"
"hgh-191aa-somatropin-001","HGH 191AA(Somatropin）","Strength & Recovery","H06 H08 H10 H12 H15 H24 H36","6iu*10vials; 8iu*10vials; 10iu*10vials; 12iu*10vials; 15iu*10vials; 24iu*10vials; 36iu*10vials","none","not stated","published_flag_set","no","high_risk_not_reviewed","","0","0","not_reviewed","no","yes","none","high","Name matches an active substance used in prescription-only medicinal products in the EU. | Name indicates a hormone, growth-hormone/IGF-axis or reproductive-hormone substance. | Sold in vials. Products intended for injection are normally regulated as medicinal products or medical devices; intended use is not stated. | No approved description, intended use, documentation or lab report is on file.","needs_evidence","no","no"
"igf-1lr3-039","IGF-1LR3","Strength & Recovery","IG01 IG1","0.1mg*10vials; 1mg*10vials","none","not stated","published_flag_set","no","high_risk_not_reviewed","","0","0","not_reviewed","no","yes","none","high","Name indicates a hormone, growth-hormone/IGF-axis or reproductive-hormone substance. | Sold in vials. Products intended for injection are normally regulated as medicinal products or medical devices; intended use is not stated. | No approved description, intended use, documentation or lab report is on file.","needs_evidence","no","no"
"igf-des-040","IGF-DES","Strength & Recovery","IGD","0.1mg*10vials","none","not stated","published_flag_set","no","high_risk_not_reviewed","","0","0","not_reviewed","no","yes","none","high","Name indicates a hormone, growth-hormone/IGF-axis or reproductive-hormone substance. | Sold in vials. Products intended for injection are normally regulated as medicinal products or medical devices; intended use is not stated. | No approved description, intended use, documentation or lab report is on file.","needs_evidence","no","no"
"ipamorelin-008","Ipamorelin","Strength & Recovery","IP2 IP5 IP10","2mg*10vials; 5mg*10vials; 10mg*10vials","none","not stated","published_flag_set","no","high_risk_not_reviewed","","0","0","not_reviewed","no","yes","none","high","Name indicates a hormone, growth-hormone/IGF-axis or reproductive-hormone substance. | Sold in vials. Products intended for injection are normally regulated as medicinal products or medical devices; intended use is not stated. | No approved description, intended use, documentation or lab report is on file.","needs_evidence","no","no"
"mgf-034","MGF","Strength & Recovery","FM2","2mg*10vials","none","not stated","published_flag_set","no","high_risk_not_reviewed","","0","0","not_reviewed","no","yes","none","high","Name indicates a hormone, growth-hormone/IGF-axis or reproductive-hormone substance. | Sold in vials. Products intended for injection are normally regulated as medicinal products or medical devices; intended use is not stated. | No approved description, intended use, documentation or lab report is on file.","needs_evidence","no","no"
"peg-mgf-035","PEG MGF","Strength & Recovery","FMP2","2mg*10vials","none","not stated","published_flag_set","no","high_risk_not_reviewed","","0","0","not_reviewed","no","yes","none","high","Name indicates a hormone, growth-hormone/IGF-axis or reproductive-hormone substance. | Sold in vials. Products intended for injection are normally regulated as medicinal products or medical devices; intended use is not stated. | No approved description, intended use, documentation or lab report is on file.","needs_evidence","no","no"
"sermorelin-acetate-036","Sermorelin Acetate","Strength & Recovery","SMO2 SMO5 SMO10","2mg*10vials; 5mg*10vials; 10mg*10vials","none","not stated","published_flag_set","no","high_risk_not_reviewed","","0","0","not_reviewed","no","yes","none","high","Name indicates a hormone, growth-hormone/IGF-axis or reproductive-hormone substance. | Sold in vials. Products intended for injection are normally regulated as medicinal products or medical devices; intended use is not stated. | No approved description, intended use, documentation or lab report is on file.","needs_evidence","no","no"
"tb500-frag-014","TB500 (FRAG）","Strength & Recovery","B10F","10mg*10vials","none","not stated","published_flag_set","yes","preview_unreviewed","all visitors (preview, unreviewed)","0","0","not_reviewed","no","yes","none","elevated","Name indicates a pharmacologically active peptide or compound whose legal status is not verified. | Sold in vials. Products intended for injection are normally regulated as medicinal products or medical devices; intended use is not stated. | No approved description, intended use, documentation or lab report is on file.","needs_evidence","no","no"
"tb500-thymosin-b4-acetate-013","TB500(Thymosin B4 Acetate）","Strength & Recovery","BT2 BT5 BT10 BT20","2mg*10vials; 5mg*10vials; 10mg*10vials; 20mg*10vials","none","not stated","published_flag_set","yes","preview_unreviewed","all visitors (preview, unreviewed)","0","0","not_reviewed","no","yes","none","elevated","Name indicates a pharmacologically active peptide or compound whose legal status is not verified. | Sold in vials. Products intended for injection are normally regulated as medicinal products or medical devices; intended use is not stated. | No approved description, intended use, documentation or lab report is on file.","needs_evidence","no","no"
"botulinum-toxin-081","Botulinum toxin","Skin & Healthy Ageing","XT100","100iu/10vials","none","not stated","published_flag_set","no","high_risk_not_reviewed","","0","0","not_reviewed","no","yes","none","high","Name matches an active substance used in prescription-only medicinal products in the EU. | Name indicates a toxin or an opioid-receptor peptide. | Sold in vials. Products intended for injection are normally regulated as medicinal products or medical devices; intended use is not stated. | No approved description, intended use, documentation or lab report is on file.","needs_evidence","no","no"
"epithalon-023","Epithalon","Skin & Healthy Ageing","ET10 ET40 ET50","10mg*10vials; 40mg*10vials; 50mg*10vials","none","not stated","published_flag_set","yes","preview_unreviewed","all visitors (preview, unreviewed)","0","0","not_reviewed","no","yes","none","elevated","Name indicates a pharmacologically active peptide or compound whose legal status is not verified. | Sold in vials. Products intended for injection are normally regulated as medicinal products or medical devices; intended use is not stated. | No approved description, intended use, documentation or lab report is on file.","needs_evidence","no","no"
"foxo4-048","FOXO4","Skin & Healthy Ageing","F410","10mg*10vials","none","not stated","published_flag_set","yes","preview_unreviewed","all visitors (preview, unreviewed)","0","0","not_reviewed","no","yes","none","elevated","Name indicates a pharmacologically active peptide or compound whose legal status is not verified. | Sold in vials. Products intended for injection are normally regulated as medicinal products or medical devices; intended use is not stated. | No approved description, intended use, documentation or lab report is on file.","needs_evidence","no","no"
"ghk-cu-043","GHK-CU","Skin & Healthy Ageing","CU50 CU100","50mg*10vials; 100mg*10vials","none","not stated","published_flag_set","yes","preview_unreviewed","all visitors (preview, unreviewed)","0","0","not_reviewed","no","yes","none","elevated","Name indicates a pharmacologically active peptide or compound whose legal status is not verified. | Sold in vials. Products intended for injection are normally regulated as medicinal products or medical devices; intended use is not stated. | No approved description, intended use, documentation or lab report is on file.","needs_evidence","no","no"
"glutathione-056","Glutathione","Skin & Healthy Ageing","GTT GT1500","1500mg*10vials; 1500mg*10vials","none","not stated","published_flag_set","yes","preview_unreviewed","all visitors (preview, unreviewed)","0","0","not_reviewed","no","yes","none","elevated","Name indicates a pharmacologically active peptide or compound whose legal status is not verified. | Sold in vials. Products intended for injection are normally regulated as medicinal products or medical devices; intended use is not stated. | No approved description, intended use, documentation or lab report is on file.","needs_evidence","no","no"
"hyaluronic-acid-059","Hyaluronic acid","Skin & Healthy Ageing","HA5","5mg *10vials","none","not stated","published_flag_set","yes","preview_unreviewed","all visitors (preview, unreviewed)","0","0","not_reviewed","no","yes","none","elevated","Name indicates a pharmacologically active peptide or compound whose legal status is not verified. | Sold in vials. Products intended for injection are normally regulated as medicinal products or medical devices; intended use is not stated. | No approved description, intended use, documentation or lab report is on file.","needs_evidence","no","no"
"kpv-071","KPV","Skin & Healthy Ageing","KP10","10mg*10vials","none","not stated","published_flag_set","yes","preview_unreviewed","all visitors (preview, unreviewed)","0","0","not_reviewed","no","yes","none","elevated","Name indicates a pharmacologically active peptide or compound whose legal status is not verified. | Sold in vials. Products intended for injection are normally regulated as medicinal products or medical devices; intended use is not stated. | No approved description, intended use, documentation or lab report is on file.","needs_evidence","no","no"
"lemon-bottle-084","Lemon Bottle","Skin & Healthy Ageing","","0.5ml*10 bottles","none","not stated","published_flag_set","yes","preview_unreviewed","all visitors (preview, unreviewed)","0","0","not_reviewed","no","yes","none","elevated","Name indicates a pharmacologically active peptide or compound whose legal status is not verified. | No approved description, intended use, documentation or lab report is on file.","needs_evidence","no","no"
"mt-1-006","MT-1","Skin & Healthy Ageing","MT1","10mg*10vials","none","not stated","published_flag_set","no","high_risk_not_reviewed","","0","0","not_reviewed","no","yes","none","high","Name matches an active substance used in prescription-only medicinal products in the EU. | Name indicates a melanocortin-receptor agonist (tanning/sexual-function claims are commonly associated with this class). | Sold in vials. Products intended for injection are normally regulated as medicinal products or medical devices; intended use is not stated. | No approved description, intended use, documentation or lab report is on file.","needs_evidence","no","no"
"mt-2-melanotan-2-acetate-007","MT-2 (Melanotan 2 Acetate)","Skin & Healthy Ageing","ML5 ML10","5mg*10vials; 10mg*10vials","none","not stated","published_flag_set","no","high_risk_not_reviewed","","0","0","not_reviewed","no","yes","none","high","Name indicates a melanocortin-receptor agonist (tanning/sexual-function claims are commonly associated with this class). | Sold in vials. Products intended for injection are normally regulated as medicinal products or medical devices; intended use is not stated. | No approved description, intended use, documentation or lab report is on file.","needs_evidence","no","no"
"n-acetyl-epitalon-amidate-074","N-Acetyl Epitalon Amidate","Skin & Healthy Ageing","NET5","5mg *10vials","none","not stated","published_flag_set","yes","preview_unreviewed","all visitors (preview, unreviewed)","0","0","not_reviewed","no","yes","none","elevated","Name indicates a pharmacologically active peptide or compound whose legal status is not verified. | Sold in vials. Products intended for injection are normally regulated as medicinal products or medical devices; intended use is not stated. | No approved description, intended use, documentation or lab report is on file.","needs_evidence","no","no"
"snap-8-062","SNAP-8","Skin & Healthy Ageing","NP810","10mg*10vials","none","not stated","published_flag_set","yes","preview_unreviewed","all visitors (preview, unreviewed)","0","0","not_reviewed","no","yes","none","elevated","Name indicates a pharmacologically active peptide or compound whose legal status is not verified. | Sold in vials. Products intended for injection are normally regulated as medicinal products or medical devices; intended use is not stated. | No approved description, intended use, documentation or lab report is on file.","needs_evidence","no","no"
"testagen-079","Testagen","Skin & Healthy Ageing","TG20","20mg*10vials","none","not stated","published_flag_set","yes","preview_unreviewed","all visitors (preview, unreviewed)","0","0","not_reviewed","no","yes","none","elevated","Name indicates a pharmacologically active peptide or compound whose legal status is not verified. | Sold in vials. Products intended for injection are normally regulated as medicinal products or medical devices; intended use is not stated. | No approved description, intended use, documentation or lab report is on file.","needs_evidence","no","no"
"thymalin-045","Thymalin","Skin & Healthy Ageing","TY10","10mg*10vials","none","not stated","published_flag_set","yes","preview_unreviewed","all visitors (preview, unreviewed)","0","0","not_reviewed","no","yes","none","elevated","Name indicates a pharmacologically active peptide or compound whose legal status is not verified. | Sold in vials. Products intended for injection are normally regulated as medicinal products or medical devices; intended use is not stated. | No approved description, intended use, documentation or lab report is on file.","needs_evidence","no","no"
"vilon-075","Vilon","Skin & Healthy Ageing","Vl20","20mg*10vials","none","not stated","published_flag_set","yes","preview_unreviewed","all visitors (preview, unreviewed)","0","0","not_reviewed","no","yes","none","elevated","Name indicates a pharmacologically active peptide or compound whose legal status is not verified. | Sold in vials. Products intended for injection are normally regulated as medicinal products or medical devices; intended use is not stated. | No approved description, intended use, documentation or lab report is on file.","needs_evidence","no","no"
"adamax-072","Adamax","Mind, Hormones & Specialist","AD5","5mg *10vials","none","not stated","published_flag_set","yes","preview_unreviewed","all visitors (preview, unreviewed)","0","0","not_reviewed","no","yes","none","elevated","Name indicates a pharmacologically active peptide or compound whose legal status is not verified. | Sold in vials. Products intended for injection are normally regulated as medicinal products or medical devices; intended use is not stated. | No approved description, intended use, documentation or lab report is on file.","needs_evidence","no","no"
"alprostadil-065","Alprostadil","Mind, Hormones & Specialist","PRO20","20mcg*10vials","none","not stated","published_flag_set","no","high_risk_not_reviewed","","0","0","not_reviewed","no","yes","none","high","Name matches an active substance used in prescription-only medicinal products in the EU. | Sold in vials. Products intended for injection are normally regulated as medicinal products or medical devices; intended use is not stated. | No approved description, intended use, documentation or lab report is on file.","needs_evidence","no","no"
"bac-water-058","Bac.water","Mind, Hormones & Specialist","WA3 WA5 WA10","3ml/10vials; 5ml/10vials; 10ml/10vials","none","not stated","published_flag_set","yes","preview_unreviewed","all visitors (preview, unreviewed)","0","0","not_reviewed","no","yes","none","elevated","Name indicates a pharmacologically active peptide or compound whose legal status is not verified. | Sold in vials. Products intended for injection are normally regulated as medicinal products or medical devices; intended use is not stated. | No approved description, intended use, documentation or lab report is on file.","needs_evidence","no","no"
"cerebrolysin-051","Cerebrolysin","Mind, Hormones & Specialist","GBL60 C60","60mg*10vials; 60mg*10vials","none","not stated","published_flag_set","no","high_risk_not_reviewed","","0","0","not_reviewed","no","yes","none","high","Name matches an active substance used in prescription-only medicinal products in the EU. | Sold in vials. Products intended for injection are normally regulated as medicinal products or medical devices; intended use is not stated. | No approved description, intended use, documentation or lab report is on file.","needs_evidence","no","no"
"dermorphin-053","dermorphin","Mind, Hormones & Specialist","DR5","5mg *10 vials","none","not stated","published_flag_set","no","high_risk_not_reviewed","","0","0","not_reviewed","no","yes","none","high","Name indicates a toxin or an opioid-receptor peptide. | Sold in vials. Products intended for injection are normally regulated as medicinal products or medical devices; intended use is not stated. | No approved description, intended use, documentation or lab report is on file.","needs_evidence","no","no"
"dsip-019","DSIP","Mind, Hormones & Specialist","DS2 DS5 DS10 DS15","2mg *10 vials; 5mg *10vials; 10mg*10vials; 15mg*10vials","none","not stated","published_flag_set","yes","preview_unreviewed","all visitors (preview, unreviewed)","0","0","not_reviewed","no","yes","none","elevated","Name indicates a pharmacologically active peptide or compound whose legal status is not verified. | Sold in vials. Products intended for injection are normally regulated as medicinal products or medical devices; intended use is not stated. | No approved description, intended use, documentation or lab report is on file.","needs_evidence","no","no"
"epo-082","EPO","Mind, Hormones & Specialist","E3K","3000IU*10Vials","none","not stated","published_flag_set","no","high_risk_not_reviewed","","0","0","not_reviewed","no","yes","none","high","Name matches an active substance used in prescription-only medicinal products in the EU. | Sold in vials. Products intended for injection are normally regulated as medicinal products or medical devices; intended use is not stated. | No approved description, intended use, documentation or lab report is on file.","needs_evidence","no","no"
"gonadorelin-acetate-018","Gonadorelin Acetate","Mind, Hormones & Specialist","GND2","2mg*10vials","none","not stated","published_flag_set","no","high_risk_not_reviewed","","0","0","not_reviewed","no","yes","none","high","Name matches an active substance used in prescription-only medicinal products in the EU. | Name indicates a hormone, growth-hormone/IGF-axis or reproductive-hormone substance. | Sold in vials. Products intended for injection are normally regulated as medicinal products or medical devices; intended use is not stated. | No approved description, intended use, documentation or lab report is on file.","needs_evidence","no","no"
"hcg-016","HCG","Mind, Hormones & Specialist","G10K G5K G2K","10000IU*10vials; 5000IU*10vials; 2000IU*10vials","none","not stated","published_flag_set","no","high_risk_not_reviewed","","0","0","not_reviewed","no","yes","none","high","Name matches an active substance used in prescription-only medicinal products in the EU. | Name indicates a hormone, growth-hormone/IGF-axis or reproductive-hormone substance. | Sold in vials. Products intended for injection are normally regulated as medicinal products or medical devices; intended use is not stated. | No approved description, intended use, documentation or lab report is on file.","needs_evidence","no","no"
"hmg-055","HMG","Mind, Hormones & Specialist","G75","75iu*10vials","none","not stated","published_flag_set","no","high_risk_not_reviewed","","0","0","not_reviewed","no","yes","none","high","Name matches an active substance used in prescription-only medicinal products in the EU. | Name indicates a hormone, growth-hormone/IGF-axis or reproductive-hormone substance. | Sold in vials. Products intended for injection are normally regulated as medicinal products or medical devices; intended use is not stated. | No approved description, intended use, documentation or lab report is on file.","needs_evidence","no","no"
"kisspeptin-10-044","KissPeptin-10","Mind, Hormones & Specialist","KS5 KS10","5mg*10vials; 10mg*10vials","none","not stated","published_flag_set","no","high_risk_not_reviewed","","0","0","not_reviewed","no","yes","none","high","Name indicates a hormone, growth-hormone/IGF-axis or reproductive-hormone substance. | Sold in vials. Products intended for injection are normally regulated as medicinal products or medical devices; intended use is not stated. | No approved description, intended use, documentation or lab report is on file.","needs_evidence","no","no"
"ll37-050","LL37","Mind, Hormones & Specialist","375","5mg*10vials","none","not stated","published_flag_set","yes","preview_unreviewed","all visitors (preview, unreviewed)","0","0","not_reviewed","no","yes","none","elevated","Name indicates a pharmacologically active peptide or compound whose legal status is not verified. | Sold in vials. Products intended for injection are normally regulated as medicinal products or medical devices; intended use is not stated. | No approved description, intended use, documentation or lab report is on file.","needs_evidence","no","no"
"melatonin-052","melatonin","Mind, Hormones & Specialist","MT10","10mg*10vials","none","not stated","published_flag_set","no","high_risk_not_reviewed","","0","0","not_reviewed","no","yes","none","high","Name matches an active substance used in prescription-only medicinal products in the EU. | Sold in vials. Products intended for injection are normally regulated as medicinal products or medical devices; intended use is not stated. | No approved description, intended use, documentation or lab report is on file.","needs_evidence","no","no"
"oxytocin-acetate-022","Oxytocin Acetate","Mind, Hormones & Specialist","OT2 OT5 OT10","2mg*10vials; 5mg *10vials; 10mg*10vials","none","not stated","published_flag_set","no","high_risk_not_reviewed","","0","0","not_reviewed","no","yes","none","high","Name matches an active substance used in prescription-only medicinal products in the EU. | Sold in vials. Products intended for injection are normally regulated as medicinal products or medical devices; intended use is not stated. | No approved description, intended use, documentation or lab report is on file.","needs_evidence","no","no"
"p21-080","P21","Mind, Hormones & Specialist","P210","10mg*10vials","none","not stated","published_flag_set","yes","preview_unreviewed","all visitors (preview, unreviewed)","0","0","not_reviewed","no","yes","none","elevated","Name indicates a pharmacologically active peptide or compound whose legal status is not verified. | Sold in vials. Products intended for injection are normally regulated as medicinal products or medical devices; intended use is not stated. | No approved description, intended use, documentation or lab report is on file.","needs_evidence","no","no"
"pe-22-28-073","PE 22-28","Mind, Hormones & Specialist","PE10","10mg*10vials","none","not stated","published_flag_set","yes","preview_unreviewed","all visitors (preview, unreviewed)","0","0","not_reviewed","no","yes","none","elevated","Name indicates a pharmacologically active peptide or compound whose legal status is not verified. | Sold in vials. Products intended for injection are normally regulated as medicinal products or medical devices; intended use is not stated. | No approved description, intended use, documentation or lab report is on file.","needs_evidence","no","no"
"pinealon-076","Pinealon","Mind, Hormones & Specialist","PIN5 PIN10 PIN20","5mg *10vials; 10mg*10vials; 20mg*10vials","none","not stated","published_flag_set","yes","preview_unreviewed","all visitors (preview, unreviewed)","0","0","not_reviewed","no","yes","none","elevated","Name indicates a pharmacologically active peptide or compound whose legal status is not verified. | Sold in vials. Products intended for injection are normally regulated as medicinal products or medical devices; intended use is not stated. | No approved description, intended use, documentation or lab report is on file.","needs_evidence","no","no"
"pnc27-077","PNC27","Mind, Hormones & Specialist","PN5 PN10","5mg *10vials; 10mg*10vials","none","not stated","published_flag_set","yes","preview_unreviewed","all visitors (preview, unreviewed)","0","0","not_reviewed","no","yes","none","elevated","Name indicates a pharmacologically active peptide or compound whose legal status is not verified. | Sold in vials. Products intended for injection are normally regulated as medicinal products or medical devices; intended use is not stated. | No approved description, intended use, documentation or lab report is on file.","needs_evidence","no","no"
"pt-141-017","PT-141","Mind, Hormones & Specialist","P41","10mg*10vials","none","not stated","published_flag_set","no","high_risk_not_reviewed","","0","0","not_reviewed","no","yes","none","high","Name indicates a melanocortin-receptor agonist (tanning/sexual-function claims are commonly associated with this class). | Sold in vials. Products intended for injection are normally regulated as medicinal products or medical devices; intended use is not stated. | No approved description, intended use, documentation or lab report is on file.","needs_evidence","no","no"
"selank-021","Selank","Mind, Hormones & Specialist","SK5 SK10 SK30","5mg*10vials; 10mg*10vials; 30mg*10vials","none","not stated","published_flag_set","yes","preview_unreviewed","all visitors (preview, unreviewed)","0","0","not_reviewed","no","yes","none","elevated","Name indicates a pharmacologically active peptide or compound whose legal status is not verified. | Sold in vials. Products intended for injection are normally regulated as medicinal products or medical devices; intended use is not stated. | No approved description, intended use, documentation or lab report is on file.","needs_evidence","no","no"
"semax-027","Semax","Mind, Hormones & Specialist","XA5 XA10 XA30","5mg*10vials; 10mg*10vials; 30mg*10vials","none","not stated","published_flag_set","yes","preview_unreviewed","all visitors (preview, unreviewed)","0","0","not_reviewed","no","yes","none","elevated","Name indicates a pharmacologically active peptide or compound whose legal status is not verified. | Sold in vials. Products intended for injection are normally regulated as medicinal products or medical devices; intended use is not stated. | No approved description, intended use, documentation or lab report is on file.","needs_evidence","no","no"
"thymosin-alpha-1-046","Thymosin Alpha-1","Mind, Hormones & Specialist","TA2 TA5 TA10","2mg*10vials; 5mg*10vials; 10mg*10vials","none","not stated","published_flag_set","yes","preview_unreviewed","all visitors (preview, unreviewed)","0","0","not_reviewed","no","yes","none","elevated","Name indicates a pharmacologically active peptide or compound whose legal status is not verified. | Sold in vials. Products intended for injection are normally regulated as medicinal products or medical devices; intended use is not stated. | No approved description, intended use, documentation or lab report is on file.","needs_evidence","no","no"
"triptorelin-acetate-gnrh-triptorelin-020","Triptorelin Acetate/GnRH Triptorelin","Mind, Hormones & Specialist","TRI2","2mg*10vials","none","not stated","published_flag_set","no","high_risk_not_reviewed","","0","0","not_reviewed","no","yes","none","high","Name matches an active substance used in prescription-only medicinal products in the EU. | Name indicates a hormone, growth-hormone/IGF-axis or reproductive-hormone substance. | Sold in vials. Products intended for injection are normally regulated as medicinal products or medical devices; intended use is not stated. | No approved description, intended use, documentation or lab report is on file.","needs_evidence","no","no"
"vip-070","VIP","Mind, Hormones & Specialist","VP5 VP10","5mg*10vials; 10mg*10vials","none","not stated","published_flag_set","yes","preview_unreviewed","all visitors (preview, unreviewed)","0","0","not_reviewed","no","yes","none","elevated","Name indicates a pharmacologically active peptide or compound whose legal status is not verified. | Sold in vials. Products intended for injection are normally regulated as medicinal products or medical devices; intended use is not stated. | No approved description, intended use, documentation or lab report is on file.","needs_evidence","no","no"
